file,class,method,line,cbo,wmc,rfc,loc,returns,variables,parameters,startLine,loopQty,comparisonsQty,tryCatchQty,parenthesizedExpsQty,stringLiteralsQty,numbersQty,assignmentsQty,mathOperationsQty,maxNestedBlocks,anonymousClassesQty,subClassesQty,lambdasQty,uniqueWordsQty
/home/natalia/Downloads/IME/trabalhoChoren/ck/target/../../dubbo-spring-boot-starter/src/test/java/com/alibaba/dubbo/spring/boot/testcase/ClassIdBeanTest.java,com.alibaba.dubbo.spring.boot.testcase.ClassIdBeanTest,testClassIdBeanNull/0,12,2,1,2,6,0,2,0,12,0,0,0,1,1,0,2,0,0,0,0,0,10
/home/natalia/Downloads/IME/trabalhoChoren/ck/target/../../dubbo-spring-boot-starter/src/test/java/com/alibaba/dubbo/spring/boot/testcase/ClassIdBeanTest.java,com.alibaba.dubbo.spring.boot.testcase.ClassIdBeanTest,testClassIdBeanNotNull/0,20,2,1,2,6,0,2,0,20,0,0,0,1,3,0,2,0,0,0,0,0,11
/home/natalia/Downloads/IME/trabalhoChoren/ck/target/../../dubbo-spring-boot-starter/src/main/java/com/alibaba/dubbo/spring/boot/DubboAutoConfiguration.java,com.alibaba.dubbo.spring.boot.DubboAutoConfiguration,dubboHealthIndicator/0,94,2,1,0,3,1,0,0,94,0,0,0,0,0,0,0,0,0,0,0,0,4
/home/natalia/Downloads/IME/trabalhoChoren/ck/target/../../dubbo-spring-boot-starter/src/main/java/com/alibaba/dubbo/spring/boot/DubboAutoConfiguration.java,com.alibaba.dubbo.spring.boot.DubboAutoConfiguration,dubboApplicationConfig/1[Environment],34,6,2,3,9,1,2,1,34,0,1,0,0,1,0,3,0,1,0,0,0,8
/home/natalia/Downloads/IME/trabalhoChoren/ck/target/../../dubbo-spring-boot-starter/src/main/java/com/alibaba/dubbo/spring/boot/DubboAutoConfiguration.java,com.alibaba.dubbo.spring.boot.DubboAutoConfiguration,dubboMonitorConfig/0,87,6,1,2,5,1,1,0,87,0,0,0,0,2,0,1,0,0,0,0,0,5
/home/natalia/Downloads/IME/trabalhoChoren/ck/target/../../dubbo-spring-boot-starter/src/main/java/com/alibaba/dubbo/spring/boot/DubboAutoConfiguration.java,com.alibaba.dubbo.spring.boot.DubboAutoConfiguration,dubboRegistryConfig/0,78,6,1,2,5,1,1,0,78,0,0,0,0,2,0,1,0,0,0,0,0,5
/home/natalia/Downloads/IME/trabalhoChoren/ck/target/../../dubbo-spring-boot-starter/src/main/java/com/alibaba/dubbo/spring/boot/DubboAutoConfiguration.java,com.alibaba.dubbo.spring.boot.DubboAutoConfiguration,dubboServer/0,52,4,2,6,21,1,3,0,52,0,0,1,0,4,1,3,0,1,1,0,0,22
/home/natalia/Downloads/IME/trabalhoChoren/ck/target/../../dubbo-spring-boot-starter/src/main/java/com/alibaba/dubbo/spring/boot/server/DubboServer.java,com.alibaba.dubbo.spring.boot.server.DubboServer,destroy/0,37,1,3,3,12,0,1,0,37,0,0,1,0,0,1,1,0,2,0,0,0,7
/home/natalia/Downloads/IME/trabalhoChoren/ck/target/../../dubbo-spring-boot-starter/src/main/java/com/alibaba/dubbo/spring/boot/server/DubboServer.java,com.alibaba.dubbo.spring.boot.server.DubboServer,stopAwait/0,32,0,1,0,3,0,0,0,32,0,0,0,0,0,0,1,0,0,0,0,0,3
/home/natalia/Downloads/IME/trabalhoChoren/ck/target/../../dubbo-spring-boot-starter/src/main/java/com/alibaba/dubbo/spring/boot/server/DubboServer.java,com.alibaba.dubbo.spring.boot.server.DubboServer,await/0,17,0,3,2,15,0,0,0,17,1,0,2,0,0,1,2,0,3,0,0,0,5
/home/natalia/Downloads/IME/trabalhoChoren/ck/target/../../dubbo-spring-boot-starter/src/main/java/com/alibaba/dubbo/spring/boot/DubboProperties.java,com.alibaba.dubbo.spring.boot.DubboProperties,getPort/0,115,0,1,0,3,1,0,0,115,0,0,0,0,0,0,0,0,0,0,0,0,2
/home/natalia/Downloads/IME/trabalhoChoren/ck/target/../../dubbo-spring-boot-starter/src/main/java/com/alibaba/dubbo/spring/boot/DubboProperties.java,com.alibaba.dubbo.spring.boot.DubboProperties,getServer/0,83,0,1,0,3,1,0,0,83,0,0,0,0,0,0,0,0,0,0,0,0,2
/home/natalia/Downloads/IME/trabalhoChoren/ck/target/../../dubbo-spring-boot-starter/src/main/java/com/alibaba/dubbo/spring/boot/DubboProperties.java,com.alibaba.dubbo.spring.boot.DubboProperties,getRegistry/0,91,0,1,0,3,1,0,0,91,0,0,0,0,0,0,0,0,0,0,0,0,2
/home/natalia/Downloads/IME/trabalhoChoren/ck/target/../../dubbo-spring-boot-starter/src/main/java/com/alibaba/dubbo/spring/boot/DubboProperties.java,com.alibaba.dubbo.spring.boot.DubboProperties,setRegistry/1[java.lang.String],95,0,1,0,3,0,0,1,95,0,0,0,0,0,0,1,0,0,0,0,0,3
/home/natalia/Downloads/IME/trabalhoChoren/ck/target/../../dubbo-spring-boot-starter/src/main/java/com/alibaba/dubbo/spring/boot/DubboProperties.java,com.alibaba.dubbo.spring.boot.DubboProperties,setPort/1[int],119,0,1,0,3,0,0,1,119,0,0,0,0,0,0,1,0,0,0,0,0,3
/home/natalia/Downloads/IME/trabalhoChoren/ck/target/../../dubbo-spring-boot-starter/src/main/java/com/alibaba/dubbo/spring/boot/DubboProperties.java,com.alibaba.dubbo.spring.boot.DubboProperties,setProtocols/1[java.util.Map<java.lang.String,com.alibaba.dubbo.spring.boot.ProtocolConfig>],151,1,1,0,3,0,0,1,151,0,0,0,0,0,0,1,0,0,0,0,0,3
/home/natalia/Downloads/IME/trabalhoChoren/ck/target/../../dubbo-spring-boot-starter/src/main/java/com/alibaba/dubbo/spring/boot/DubboProperties.java,com.alibaba.dubbo.spring.boot.DubboProperties,getProtocol/0,107,0,1,0,3,1,0,0,107,0,0,0,0,0,0,0,0,0,0,0,0,2
/home/natalia/Downloads/IME/trabalhoChoren/ck/target/../../dubbo-spring-boot-starter/src/main/java/com/alibaba/dubbo/spring/boot/DubboProperties.java,com.alibaba.dubbo.spring.boot.DubboProperties,getGroup/0,139,0,1,0,3,1,0,0,139,0,0,0,0,0,0,0,0,0,0,0,0,2
/home/natalia/Downloads/IME/trabalhoChoren/ck/target/../../dubbo-spring-boot-starter/src/main/java/com/alibaba/dubbo/spring/boot/DubboProperties.java,com.alibaba.dubbo.spring.boot.DubboProperties,getMonitor/0,99,0,1,0,3,1,0,0,99,0,0,0,0,0,0,0,0,0,0,0,0,2
/home/natalia/Downloads/IME/trabalhoChoren/ck/target/../../dubbo-spring-boot-starter/src/main/java/com/alibaba/dubbo/spring/boot/DubboProperties.java,com.alibaba.dubbo.spring.boot.DubboProperties,setVersion/1[java.lang.String],135,0,1,0,3,0,0,1,135,0,0,0,0,0,0,1,0,0,0,0,0,3
/home/natalia/Downloads/IME/trabalhoChoren/ck/target/../../dubbo-spring-boot-starter/src/main/java/com/alibaba/dubbo/spring/boot/DubboProperties.java,com.alibaba.dubbo.spring.boot.DubboProperties,getProtocols/0,147,1,1,0,3,1,0,0,147,0,0,0,0,0,0,0,0,0,0,0,0,2
/home/natalia/Downloads/IME/trabalhoChoren/ck/target/../../dubbo-spring-boot-starter/src/main/java/com/alibaba/dubbo/spring/boot/DubboProperties.java,com.alibaba.dubbo.spring.boot.DubboProperties,setGroup/1[java.lang.String],143,0,1,0,3,0,0,1,143,0,0,0,0,0,0,1,0,0,0,0,0,3
/home/natalia/Downloads/IME/trabalhoChoren/ck/target/../../dubbo-spring-boot-starter/src/main/java/com/alibaba/dubbo/spring/boot/DubboProperties.java,com.alibaba.dubbo.spring.boot.DubboProperties,toString/0,156,0,1,0,3,1,0,0,156,0,0,0,0,11,0,0,1,0,0,0,0,11
/home/natalia/Downloads/IME/trabalhoChoren/ck/target/../../dubbo-spring-boot-starter/src/main/java/com/alibaba/dubbo/spring/boot/DubboProperties.java,com.alibaba.dubbo.spring.boot.DubboProperties,getAppname/0,75,0,1,0,3,1,0,0,75,0,0,0,0,0,0,0,0,0,0,0,0,2
/home/natalia/Downloads/IME/trabalhoChoren/ck/target/../../dubbo-spring-boot-starter/src/main/java/com/alibaba/dubbo/spring/boot/DubboProperties.java,com.alibaba.dubbo.spring.boot.DubboProperties,setServer/1[boolean],87,0,1,0,3,0,0,1,87,0,0,0,0,0,0,1,0,0,0,0,0,3
/home/natalia/Downloads/IME/trabalhoChoren/ck/target/../../dubbo-spring-boot-starter/src/main/java/com/alibaba/dubbo/spring/boot/DubboProperties.java,com.alibaba.dubbo.spring.boot.DubboProperties,getThreads/0,123,0,1,0,3,1,0,0,123,0,0,0,0,0,0,0,0,0,0,0,0,2
/home/natalia/Downloads/IME/trabalhoChoren/ck/target/../../dubbo-spring-boot-starter/src/main/java/com/alibaba/dubbo/spring/boot/DubboProperties.java,com.alibaba.dubbo.spring.boot.DubboProperties,setThreads/1[int],127,0,1,0,3,0,0,1,127,0,0,0,0,0,0,1,0,0,0,0,0,3
/home/natalia/Downloads/IME/trabalhoChoren/ck/target/../../dubbo-spring-boot-starter/src/main/java/com/alibaba/dubbo/spring/boot/DubboProperties.java,com.alibaba.dubbo.spring.boot.DubboProperties,setProtocol/1[java.lang.String],111,0,1,0,3,0,0,1,111,0,0,0,0,0,0,1,0,0,0,0,0,3
/home/natalia/Downloads/IME/trabalhoChoren/ck/target/../../dubbo-spring-boot-starter/src/main/java/com/alibaba/dubbo/spring/boot/DubboProperties.java,com.alibaba.dubbo.spring.boot.DubboProperties,setAppname/1[java.lang.String],79,0,1,0,3,0,0,1,79,0,0,0,0,0,0,1,0,0,0,0,0,3
/home/natalia/Downloads/IME/trabalhoChoren/ck/target/../../dubbo-spring-boot-starter/src/main/java/com/alibaba/dubbo/spring/boot/DubboProperties.java,com.alibaba.dubbo.spring.boot.DubboProperties,getVersion/0,131,0,1,0,3,1,0,0,131,0,0,0,0,0,0,0,0,0,0,0,0,2
/home/natalia/Downloads/IME/trabalhoChoren/ck/target/../../dubbo-spring-boot-starter/src/main/java/com/alibaba/dubbo/spring/boot/DubboProperties.java,com.alibaba.dubbo.spring.boot.DubboProperties,setMonitor/1[java.lang.String],103,0,1,0,3,0,0,1,103,0,0,0,0,0,0,1,0,0,0,0,0,3
/home/natalia/Downloads/IME/trabalhoChoren/ck/target/../../dubbo-spring-boot-starter/src/main/java/com/alibaba/dubbo/spring/boot/listener/ConsumerSubscribeListener.java,com.alibaba.dubbo.spring.boot.listener.ConsumerSubscribeListener,destroyed/1[Invoker],40,4,1,4,8,0,5,1,40,0,0,0,0,0,0,5,0,0,0,0,0,13
/home/natalia/Downloads/IME/trabalhoChoren/ck/target/../../dubbo-spring-boot-starter/src/main/java/com/alibaba/dubbo/spring/boot/listener/ConsumerSubscribeListener.java,com.alibaba.dubbo.spring.boot.listener.ConsumerSubscribeListener,referred/1[Invoker],30,4,1,4,8,0,5,1,30,0,0,0,0,0,0,5,0,0,0,0,0,15
/home/natalia/Downloads/IME/trabalhoChoren/ck/target/../../dubbo-spring-boot-starter/src/main/java/com/alibaba/dubbo/spring/boot/DubboProviderAutoConfiguration.java,com.alibaba.dubbo.spring.boot.DubboProviderAutoConfiguration,init/0,53,2,2,5,6,0,1,0,53,1,0,0,0,0,0,1,0,1,0,0,0,4
/home/natalia/Downloads/IME/trabalhoChoren/ck/target/../../dubbo-spring-boot-starter/src/main/java/com/alibaba/dubbo/spring/boot/DubboProviderAutoConfiguration.java,com.alibaba.dubbo.spring.boot.DubboProviderAutoConfiguration,initProviderBean/2[java.lang.String,java.lang.Object],60,7,23,38,70,0,13,2,60,2,7,0,2,8,4,15,1,4,0,0,0,27
/home/natalia/Downloads/IME/trabalhoChoren/ck/target/../../dubbo-spring-boot-starter/src/main/java/com/alibaba/dubbo/spring/boot/health/DubboHealthIndicator.java,com.alibaba.dubbo.spring.boot.health.DubboHealthIndicator,doHealthCheck/1[Health],22,4,5,8,23,0,3,1,22,1,0,1,0,2,0,4,1,3,0,0,0,20
/home/natalia/Downloads/IME/trabalhoChoren/ck/target/../../dubbo-spring-boot-starter/src/main/java/com/alibaba/dubbo/spring/boot/DubboConsumerAutoConfiguration.java,com.alibaba.dubbo.spring.boot.DubboConsumerAutoConfiguration,getConsumerBean/2[java.lang.Class<T>,Reference],131,7,17,18,39,1,6,2,131,1,5,0,2,5,1,8,0,2,0,0,0,17
/home/natalia/Downloads/IME/trabalhoChoren/ck/target/../../dubbo-spring-boot-starter/src/main/java/com/alibaba/dubbo/spring/boot/DubboConsumerAutoConfiguration.java,com.alibaba.dubbo.spring.boot.DubboConsumerAutoConfiguration,getDubboReference/1[com.alibaba.dubbo.spring.boot.domain.ClassIdBean],60,1,1,1,3,1,0,1,60,0,0,0,0,0,0,0,0,0,0,0,0,8
/home/natalia/Downloads/IME/trabalhoChoren/ck/target/../../dubbo-spring-boot-starter/src/main/java/com/alibaba/dubbo/spring/boot/DubboConsumerAutoConfiguration.java,com.alibaba.dubbo.spring.boot.DubboConsumerAutoConfiguration,beanPostProcessor/0,65,4,1,0,46,1,0,0,65,0,0,0,0,0,0,0,0,0,1,0,0,30
/home/natalia/Downloads/IME/trabalhoChoren/ck/target/../../dubbo-spring-boot-starter/src/main/java/com/alibaba/dubbo/spring/boot/domain/ClassIdBean.java,com.alibaba.dubbo.spring.boot.domain.ClassIdBean,equals/1[java.lang.Object],40,1,8,2,16,5,1,1,40,0,5,0,1,0,0,1,0,1,0,0,0,10
/home/natalia/Downloads/IME/trabalhoChoren/ck/target/../../dubbo-spring-boot-starter/src/main/java/com/alibaba/dubbo/spring/boot/domain/ClassIdBean.java,com.alibaba.dubbo.spring.boot.domain.ClassIdBean,hashCode/0,60,0,4,2,7,1,1,0,60,0,3,0,3,0,7,4,6,0,0,0,0,3
/home/natalia/Downloads/IME/trabalhoChoren/ck/target/../../dubbo-spring-boot-starter/src/main/java/com/alibaba/dubbo/spring/boot/domain/ClassIdBean.java,com.alibaba.dubbo.spring.boot.domain.ClassIdBean,getGroup/0,31,0,1,0,3,1,0,0,31,0,0,0,0,0,0,0,0,0,0,0,0,2
/home/natalia/Downloads/IME/trabalhoChoren/ck/target/../../dubbo-spring-boot-starter/src/main/java/com/alibaba/dubbo/spring/boot/domain/ClassIdBean.java,com.alibaba.dubbo.spring.boot.domain.ClassIdBean,ClassIdBean/3[java.lang.Class<?>,java.lang.String,java.lang.String],21,0,1,0,5,0,0,3,21,0,0,0,0,0,0,3,0,0,0,0,0,6
/home/natalia/Downloads/IME/trabalhoChoren/ck/target/../../dubbo-spring-boot-starter/src/main/java/com/alibaba/dubbo/spring/boot/domain/ClassIdBean.java,com.alibaba.dubbo.spring.boot.domain.ClassIdBean,getVersion/0,35,0,1,0,3,1,0,0,35,0,0,0,0,0,0,0,0,0,0,0,0,2
/home/natalia/Downloads/IME/trabalhoChoren/ck/target/../../dubbo-spring-boot-starter/src/main/java/com/alibaba/dubbo/spring/boot/domain/ClassIdBean.java,com.alibaba.dubbo.spring.boot.domain.ClassIdBean,toString/0,69,0,1,0,3,1,0,0,69,0,0,0,0,4,0,0,1,0,0,0,0,4
/home/natalia/Downloads/IME/trabalhoChoren/ck/target/../../dubbo-spring-boot-starter/src/main/java/com/alibaba/dubbo/spring/boot/domain/ClassIdBean.java,com.alibaba.dubbo.spring.boot.domain.ClassIdBean,getInterfaceClass/0,27,0,1,0,3,1,0,0,27,0,0,0,0,0,0,0,0,0,0,0,0,3
